Segment Name,Age Range,Income Level,Geographic Location,Key Motivations,Lifestyle & Characteristics,Technology Comfort,Segment Description
"Junge Berufsstarter","20-29","Niedrig bis Mittel (€25.000 - €45.000)","Großstädte, urbane Zentren","Karriereentwicklung
Unabhängigkeit
Soziale Anerkennung
Neue Erfahrungen
Preis-Leistung","Digital Native, WG-Leben oder erste eigene Wohnung, hohe Social Media Nutzung, experimentierfreudig bei Marken, Ausgehen und Networking wichtig, Work-Life-Balance suchend","Sehr hoch - Native User","Junge Erwachsene zwischen 20-29 Jahren in den ersten Berufsjahren. Erstes regelmäßiges Einkommen, leben urban, nutzen alle digitalen Kanäle selbstverständlich. Experimentierfreudig bei neuen Marken und Services, steigendes Budget."
"Etablierte Familien","35-45","Mittel bis Hoch (€60.000 - €120.000 Haushalt)","Vororte, Mittelstädte, Speckgürtel","Sicherheit
Qualität
Familienfreundlichkeit
Bildung der Kinder
Langfristige Planung","Eigenheim oder große Mietwohnung, 2-3 Kinder, beruflich etabliert, Auto essentiell, Familienurlaube, Vereinsaktivitäten, strukturierter Alltag","Mittel bis Hoch - Pragmatische Nutzer","Familien mit schulpflichtigen Kindern, meist verheiratet, beruflich etabliert. Stabiles Haushaltseinkommen, oft Wohneigentum. Kaufentscheidungen geprägt von Sicherheit, Qualität und Familientauglichkeit."
"Best Ager","50-65","Hoch (€70.000 - €150.000+)","Gehobene Wohngebiete, Stadtrand","Qualität
Gesundheit
Komfort
Genuss
Status","Kinder aus dem Haus, Reisefreudig, Kulturinteressiert, Markentreu, Gesundheitsbewusst, Qualität vor Preis, Zeit für Hobbys","Mittel - Selektive Nutzer","Generation 50-65 auf Karrierehöhepunkt oder kurz vor Ruhestand. Hohes verfügbares Einkommen, qualitätsbewusst, markentreu. Gesundheit und Fitness wichtig, zunehmend digital aktiv."
"Aktive Senioren","65+","Mittel bis Hoch (Rente + Vermögen)","Etablierte Wohngebiete, Kleinstädte","Gesundheit
Soziale Kontakte
Sicherheit
Tradition
Enkelkinder","Viel Zeit verfügbar, Ehrenamt, Vereinsaktiv, Großeltern-Rolle, Gesundheitsvorsorge, Traditionsbewusst, Persönliche Beratung bevorzugt","Niedrig bis Mittel - Späte Adopter","Vitale Rentner über 65, aktive Ruhestandsgestaltung. Zeit und finanzielle Mittel vorhanden. Gesundheit zentral, soziale Kontakte wichtig, wachsende Digitalnutzung besonders Tablets."
"Generation Z","16-24","Niedrig (Taschengeld bis €30.000)","Überall, digital vernetzt","Authentizität
Nachhaltigkeit
Individualität
Soziale Gerechtigkeit
Instant Gratification","Always-on, TikTok/Instagram native, Streaming statt TV, Gaming, Influencer-orientiert, Umweltbewusst, Diversität wichtig","Sehr hoch - Digital Natives","Jüngste Konsumentengeneration, mit Internet aufgewachsen. Permanent online, Social Media zentral. Nachhaltigkeit und Purpose wichtig, kritisch gegenüber traditionellen Marken."
"Premium-Käufer","30-70","Sehr hoch (€100.000+)","Beste Lagen, Großstädte","Exklusivität
Prestige
Qualität
Service
Individualität","Luxusmarken, Statussymbole, Business Class, Premium-Services, Kunst und Kultur, Gourmet-Restaurants, Persönlicher Service","Hoch - Premium-Services","Konsumenten mit hoher Kaufkraft und Luxuspräferenz. Qualität und Exklusivität vor Preis. Markentreu, erwarten exzellenten Service und besondere Einkaufserlebnisse."
"Schnäppchenjäger","25-65","Niedrig bis Mittel (€20.000 - €50.000)","Überall","Sparen
Schnäppchen
Clever kaufen
Mehr für weniger
Preisvergleich","Gutschein-Sammler, Sale-Shopping, Preisvergleiche, Discounter-Käufer, Second-Hand, Cashback-Nutzer, Newsletter-Abonnent","Mittel bis Hoch - für Preisvergleiche","Preisbewusste Konsumenten, aktiv auf Schnäppchensuche. Nutzen Preisvergleiche, Gutscheine, planen um Sales. Geringe Markentreue, Preis wichtigstes Kriterium."
"Early Adopter","25-45","Mittel bis Hoch (€50.000 - €100.000)","Großstädte, Tech-Hubs","Innovation
Erste sein
Technologie
Status
Einfluss","Tech-Gadgets, Crowdfunding-Backer, Beta-Tester, Tech-Blogs, Messen und Events, Opinion Leader, Social Media aktiv","Sehr hoch - Technologie-Enthusiasten","Technologiebegeisterte Erstkäufer neuer Produkte. Risikobereit, Meinungsführer, beeinflussen soziales Umfeld. Gut informiert über Neuheiten, überdurchschnittliches Einkommen."
"Bio-Käufer","25-60","Mittel bis Hoch (€40.000 - €80.000)","Städte, gehobene Viertel","Gesundheit
Nachhaltigkeit
Tierwohl
Regionalität
Umweltschutz","Bio-Supermärkte, Wochenmarkt, Unverpackt-Läden, Yoga/Meditation, Fair Trade, Vegetarisch/Vegan-Tendenz, Naturkosmetik","Mittel - für Information","Fokus auf biologische und nachhaltige Produkte. Achten auf Herkunft und Produktionsbedingungen. Bereit für Mehrpreise, oft überdurchschnittlich gebildet, urban."
"Online-First-Shopper","20-50","Mittel (€35.000 - €70.000)","Überall, urban geprägt","Convenience
Auswahl
Zeitersparnis
Vergleichbarkeit
Bewertungen","Amazon Prime, Click & Collect, Mobile Shopping, Bewertungen wichtig, Retouren normal, Vergleichsportale, Newsletter","Sehr hoch - Online Natives","Großteil der Einkäufe online. Versiert mit E-Commerce, nutzen Vergleichsportale und Bewertungen. Schätzen 24/7 Verfügbarkeit und bequeme Lieferung."
"Umweltbewusste Millennials","28-40","Mittel (€35.000 - €65.000)","Großstädte, Szeneviertel","Nachhaltigkeit
Klimaschutz
Fairness
Authentizität
Minimalismus","Second-Hand, Sharing Economy, Veggie/Vegan, Fahrrad/ÖPNV, Zero Waste, Aktivismus, Social Media für Causes","Hoch - für nachhaltige Lösungen","Starkes Umweltbewusstsein, reduzieren ökologischen Fußabdruck. Second-Hand und Sharing selbstverständlich. Unterstützen Purpose-Brands, boykottieren Umweltsünder."
"Karriereorientierte Singles","25-40","Mittel bis Hoch (€45.000 - €90.000)","Großstädte, Zentrum","Karriere
Effizienz
Selbstoptimierung
Networking
Status","Lange Arbeitszeiten, Convenience-Services, Fitness/Gym, Business-Kleidung, After-Work, Weiterbildung, Lieferdienste","Sehr hoch - Productivity Tools","Beruflich ambitionierte Singles, Fokus auf Karriere. Zeit knapper als Geld, hohe Affinität zu Convenience. Fitness und Selbstoptimierung wichtig."
"Traditionelle Wertkonservative","40-75","Niedrig bis Mittel (€30.000 - €60.000)","Ländlicher Raum, Kleinstädte","Tradition
Heimat
Sicherheit
Beständigkeit
Vertrauen","Vereinsaktiv, Regional verwurzelt, Lokale Händler, Persönlicher Kontakt, Skeptisch bei Neuem, Familie wichtig, Handwerk geschätzt","Niedrig - Pragmatisch","Traditionelle Werte, konservativer Lebensstil. Leben oft ländlich, vereinsaktiv, regional verwurzelt. Bevorzugen lokale Händler und persönliche Beziehungen."
"Kreative Kulturinteressierte","25-55","Mittel (€30.000 - €60.000)","Großstädte, Szeneviertel","Kreativität
Kultur
Individualität
Authentizität
Inspiration","Kunst/Galerien, Indie-Kinos, Konzerte, Alternative Szene, Vintage/Unique, Cafés/Bars, DIY-Projekte","Hoch - für Kreatives","Kulturaffine mit alternativem Lebensstil. Leben urban in Szenevierteln. Kunst und Kreativität zentral, unterstützen lokale Künstler, Individualität wichtiger als Mainstream."
"Gesundheitsbewusste Sportler","20-55","Mittel bis Hoch (€40.000 - €80.000)","Überall, Nähe zu Sportmöglichkeiten","Fitness
Gesundheit
Leistung
Wohlbefinden
Prävention","Fitnessstudio, Laufen/Radfahren, Sportequipment, Supplements, Wearables, Sportevents, Ernährungsbewusst","Hoch - Tracking & Apps","Hohes Gesundheits- und Fitnessbewusstsein. Sport als Alltag, tracken Aktivitäten mit Wearables. Investieren in Gesundheit, nehmen an Events teil."
"Großstadt-Hipster","25-40","Mittel (€35.000 - €65.000)","Berlin, Hamburg, München, Köln","Trends
Individualität
Authentizität
Kreativität
Szene","Craft Beer/Coffee, Street Food, Vintage Fashion, Startups, Instagram, Pop-ups, Coworking, Urban Mobility","Sehr hoch - Trendsetter","Trendbewusste Großstädter in Metropolen. Szeneorientiert, oft in Kreativ/Digital-Branche. International, setzen Trends, Social Media intensiv."
"Mittelstadt-Familien","30-50","Mittel (€40.000 - €70.000 Haushalt)","Städte 50.000-200.000 Einwohner","Familie
Sicherheit
Gemeinschaft
Tradition
Regionalität","Vereinsleben, Lokale Events, Regionale Händler, Bodenständig, Nachbarschaft, Stadtfeste, Ehrenamt","Mittel - Pragmatisch","Familien in mittelgroßen Städten. Schätzen überschaubare Größe und Gemeinschaft. Regional verwurzelt, unterstützen lokale Unternehmen."
"Pendler aus dem Speckgürtel","30-55","Mittel bis Hoch (€50.000 - €90.000)","Umland von Großstädten","Work-Life-Balance
Wohnqualität
Familie
Natur
Ruhe","Auto essentiell, Eigenheim mit Garten, Pendelzeit, Online-Shopping, Wochenend-Familie, Suburban Lifestyle","Mittel bis Hoch","Wohnen im Umland, arbeiten in Großstadt. Bewusste Entscheidung für mehr Raum und Grün. Balance zwischen Karriere und Familie wichtig."
"Ländliche Bevölkerung","30-70","Niedrig bis Mittel (€25.000 - €50.000)","Dörfer, ländliche Gebiete","Gemeinschaft
Tradition
Selbstversorgung
Natur
Ruhe","Dorfgemeinschaft, Direktvermarkter, Handwerk, Selbstversorgung, Nachbarschaftshilfe, Feste/Bräuche, Natur","Niedrig - Basis","Bewohner ländlicher Gebiete. Starke Dorfgemeinschaft, traditionelle Werte. Unterstützen lokale Händler, Digitalisierung kommt langsamer an."
"LOHAS","30-60","Mittel bis Hoch (€45.000 - €85.000)","Städte, gehobene Viertel","Ganzheitlichkeit
Gesundheit
Nachhaltigkeit
Achtsamkeit
Balance","Yoga/Meditation, Bio-Ernährung, Naturkosmetik, Faire Mode, Alternative Medizin, Spiritualität, Bewusster Konsum","Mittel bis Hoch","Lifestyle of Health and Sustainability. Ganzheitliches Gesundheitsbewusstsein, Yoga/Meditation Standard. Konsumieren bewusst, Meinungsführer für nachhaltigen Lifestyle."
"DINKS","30-45","Hoch (€80.000 - €150.000 Haushalt)","Großstädte, beste Lagen","Genuss
Freiheit
Luxus
Karriere
Erlebnisse","Spontane Reisen, Fine Dining, Design/Kunst, Premium-Produkte, Flexibilität, Kultur/Events, Luxus-Services","Hoch","Double Income No Kids - Paare ohne Kinder. Hohes verfügbares Einkommen, können sich Luxus leisten. Genießen Freiheit und Flexibilität."
"Heavy User Digitale Services","18-45","Mittel (€35.000 - €70.000)","Urban, Tech-affin","Innovation
Convenience
Unterhaltung
Vernetzung
Effizienz","Multiple Streaming-Abos, Smart Home, Gaming, Cloud-Services, Always-on, Early Adopter, Paperless","Sehr hoch - Power User","Intensive Nutzer digitaler Services. Multiple Abos, Smart Home, Gaming wichtig. Always-on, erwarten nahtlose digitale Experiences."
"DIY-Enthusiasten","30-65","Mittel (€35.000 - €65.000)","Überall, eigenes Heim","Selbstverwirklichung
Kreativität
Sparen
Stolz
Nachhaltigkeit","Heimwerken, YouTube-Tutorials, Baumarkt-Kunde, Werkzeug-Sammlung, Maker-Spaces, Repair-Cafés, Projekt-Sharing","Mittel bis Hoch - für Tutorials","Leidenschaft fürs Selbermachen. Renovieren selbst, YouTube-Tutorials wichtig. Regelmäßige Baumarkt-Besucher, stolz auf Selbstgeschaffenes."
"Haustierbesitzer","25-70","Mittel (€35.000 - €70.000)","Überall","Tierliebe
Fürsorge
Begleitung
Verantwortung
Freude","Premium-Tierfutter, Tierarzt-Regular, Pet-Versicherungen, Tierspielzeug, Tierpension, Social Media Pets, Tier-Community","Mittel","Haustiere als Familienmitglieder. Starke emotionale Bindung, investieren viel in Wohlbefinden. Premium-Produkte, Versicherungen selbstverständlich."
"Hybride Arbeiter","25-55","Mittel bis Hoch (€40.000 - €85.000)","Städte und Umland","Flexibilität
Work-Life-Integration
Produktivität
Autonomie
Balance","Home-Office Setup, Collaboration Tools, Flexible Zeiten, Coworking, Digital Nomad Tendenz, Selbstorganisation","Hoch - Digital Workplace","Flexibles Arbeitsmodell Home-Office/Büro. Schätzen Flexibilität, investieren in Home-Office. Work-Life-Integration statt Trennung."